id,name
1,Q9UI32
2,P00488
3,P35228
4,P06737
5,P11766
6,P50213
7,P30542
8,P00519
9,P12319
10,P00451
11,P23219
12,P35626
13,P21728
14,P35916
15,P51168
16,P02452
17,Q9H4B7
18,P56181
19,P17948
20,Q9UPY5
21,P06213
22,P04049
23,Q9Y285
24,Q9Y234
25,P12259
26,P24530
27,P20309
28,P30613
29,P00734
30,P30273
31,P13716
32,P48167
33,P21554
34,P30556
35,P34995
36,P10515
37,P11836
38,P29475
39,P07195
40,Q07869
41,P51843
42,P10912
43,P00492
44,P28702
45,P12277
46,Q13639
47,P02792
48,P14618
49,Q12809
50,P11229
51,O75380
52,P34972
53,Q15800
54,P11177
55,P17707
56,O76082
57,P13688
58,P51606
59,Q9H244
60,P21673
61,P25021
62,P06746
63,P09622
64,P07741
65,Q05940
66,O95477
67,P17752
68,P03372
69,P08700
70,Q04828
71,P31937
72,P24046
73,P69905
74,P10275
75,P05091
76,P22888
77,P49419
78,P19404
79,P09172
80,Q9Y4W6
81,Q9UHW9
82,P07437
83,P13631
84,P21918
85,Q9H3N8
86,P36888
87,P23368
88,P51649
89,O00180
90,Q9NYK1
91,Q99720
92,P00387
93,O43175
94,Q02218
95,P15692
96,P37288
97,P49916
98,P12532
99,P08588
100,Q9Y5Y9
101,P36021
102,P00367
103,O76074
104,P48637
105,P07814
106,Q8WTV0
107,P37088
108,P14061
109,Q14524
110,Q15046
111,P18858
112,Q13564
113,P30968
114,P09619
115,P10826
116,Q09428
117,P21695
118,P00747
119,P56556
120,P37231
121,P00742
122,Q9UBS5
123,P08243
124,P16083
125,P12821
126,P26640
127,O15239
128,P07327
129,P23381
130,P54710
131,P55157
132,P26639
133,Q15758
134,P06858
135,P05121
136,P29275
137,P10109
138,O96000
139,P10415
140,P08912
141,P09917
142,P30531
143,P00491
144,P14679
145,P80404
146,Q9Y478
147,P10745
148,O76054
149,P15291
150,P49902
151,P35354
152,P29474
153,Q04771
154,P08473
155,Q08828
156,P00797
157,Q16773
158,P07766
159,Q96GD0
160,P01008
161,P55011
162,O43676
163,Q99624
164,P05089
165,P08913
166,P08908
167,P30518
168,P49588
169,Q13258
170,Q00796
171,P09455
172,P31153
173,P00480
174,O75251
175,O14727
176,P46098
177,P10828
178,P21549
179,Q99714
180,P47872
181,Q9NRX3
182,Q8IVH4
183,P49915
184,P00918
185,P35520
186,P04818
187,P23921
188,P08620
189,P49286
190,P00374
191,P34896
192,P08709
193,O75438
194,P25098
195,P18825
196,P05093
197,P16471
198,P39086
199,P50440
200,Q9NR19
201,P19801
202,P78348
203,Q96I99
204,O00555
205,P63098
206,O95907
207,Q05586
208,P43116
209,P35968
210,Q969G6
211,P54368
212,Q14749
213,P48029
214,Q16836
215,Q8IVA8
216,P49069
217,P04070
218,P00505
219,P25103
220,P48551
221,P23945
222,P21917
223,P60880
224,P41595
225,P08246
226,O15399
227,P26440
228,P02794
229,O95182
230,P32238
231,P38435
232,P11926
233,P08173
234,P50416
235,P51659
236,Q5JAM2
237,P17540
238,P19793
239,O15554
240,Q14626
241,Q13224
242,P62158
243,P55017
244,P41143
245,P04083
246,P04181
247,P22303
248,P31749
249,Q13936
250,P30988
251,P42684
252,P08514
253,O15269
254,P29466
255,O15427
256,Q9UIC8
257,P28223
258,P30872
259,P10721
260,Q14957
261,Q96EY8
262,P22413
263,P37023
264,P30939
265,Q99460
266,O95665
267,P00326
268,P38484
269,O60706
270,Q13200
271,Q16718
272,P43119
273,Q16739
274,P48169
275,P43007
276,Q03154
277,O43497
278,P49821
279,P23975
280,Q07343
281,P15382
282,P16473
283,P05165
284,P28331
285,Q9Y5K3
286,P51172
287,P51170
288,P01130
289,P35348
290,Q13621
291,P03886
292,P07202
293,P41180
294,P02787
295,P04626
296,P48039
297,P20701
298,P54687
299,O75600
300,P04424
301,P25101
302,P40394
303,P34903
304,Q9P0J0
305,Q15274
306,P47871
307,Q12797
308,P17174
309,O14646
310,P28335
311,O60391
312,P22748
313,P02671
314,P09417
315,P04406
316,P09884
317,P22891
318,Q12791
319,P00352
320,P16066
321,P06401
322,O43837
323,P08172
324,P14778
325,Q92781
326,P08559
327,P18089
328,P04035
329,P35368
330,O43772
331,P35462
332,Q08426
333,P30519
334,P40925
335,P13612
336,P42330
337,P30043
338,Q9Y6M9
339,P06126
340,P12235
341,Q9UP95
342,Q5VZ30
343,Q9UKU7
344,O43776
345,O95865
346,P29803
347,P43088
348,P07101
349,P49585
350,P11586
351,P23378
352,P18031
353,P12236
354,Q02643
355,Q13085
356,P15509
357,P68871
358,Q9Y233
359,P41145
360,P15056
361,P30085
362,P42261
363,Q8TCU5
364,P08253
365,P48048
366,O60701
367,Q01959
368,P00390
369,P34969
370,P14784
371,P19235
372,P19429
373,P47712
374,P01589
375,P28221
376,O15270
377,P17181
378,P10276
379,P36896
380,Q9NYX4
381,P08235
382,P53985
383,Q5T6L4
384,P51787
385,Q9UG56
386,P20138
387,Q16671
388,O95169
389,Q13131
390,Q16515
391,P16233
392,P10827
393,O14842
394,P05230
395,P07550
396,P62942
397,P11498
398,P49589
399,O00763
400,O95342
401,P01375
402,P48443
403,Q14654
404,P05141
405,P12314
406,P15260
407,P06732
408,P25100
409,Q14181
410,Q03405
411,P30838
412,P06729
413,O15382
414,P12268
415,P02818
416,P14868
417,Q96C36
418,P15538
419,P05023
420,Q99707
421,P09601
422,P30536
423,P09622
424,Q15822
425,P21817
426,P12081
427,P11388
428,P23416
429,P15121
430,P21802
431,P31645
432,O43681
433,P01178
434,P19634
435,P49448
436,P14416
437,Q9H015
438,P78540
439,P21731
440,Q9UBK8
441,P00533
442,Q9P2J5
443,P35372
444,P51553
445,Q07912
446,P47901
447,O43741
448,P05546
449,P14324
450,P22033
451,P11473
452,P40926
453,Q09470
454,P12271
455,Q5T6L4
456,Q9UHI5
457,P32929
458,Q92731
459,Q99062
460,P04150
461,P14867
462,P28222
463,P09488
464,P21266
465,O15217
466,Q03013
467,P09211
468,P78417
469,P18283
470,O43708
471,Q13255
472,O94925
473,Q13002
474,Q16099
475,Q16478
476,P42262
477,P48058
478,P42263
479,Q13003
480,Q14833
481,Q14831
482,O00222
483,O43451
484,P12931
485,P06241
486,P07947
487,P29317
488,P06239
489,P30559
490,Q93088
491,P42081
492,P33681
493,Q01718
494,P43681
495,P17787
496,P16234
497,P07333
498,P27487
499,P01031
500,O60664
501,P43220
502,P08069
503,O60894
504,O60895
505,O60896
506,O95180
507,P14770
508,Q7Z4W1
509,Q02750
510,Q14289
511,P05771
512,P17812
513,P10253
514,Q9NSA0
515,P29972
516,Q9UKV0
517,P22102
518,P43004
519,Q99584
520,Q06520
521,P16410
522,P19440
523,Q00535
524,P51692
525,P26358
526,P10144
527,P00749
528,P10696
529,O43526
530,P49747
531,O95237
532,O75015
533,P20810
534,P30044
535,P35270
536,P01023
537,P51681
538,P05451
539,Q99519
540,P08581
541,P11217
542,P62993
543,P05231
544,P61073
545,P03956
546,P28482
547,P29274
548,P01574
549,P25116
550,P08174
551,P27169
552,P52961
553,P02760
554,P02778
555,O60494
556,P07858
557,P48067
558,P07339
559,P98164
560,P07225
561,P01579
562,P50406
563,P02775
564,P01189
565,P20333
566,P34913
567,P49888
568,P01009
569,P01133
570,P27986
571,O75469
572,P06730
573,P16220
574,P49327
575,Q04760
576,P52788
577,O95831
578,P45452
579,P10646
580,P05120
581,P17936
582,P11387
583,P08236
584,P17405
585,Q14416
586,P13501
587,P35568
588,P04062
589,P16860
590,P29074
591,P29460
592,Q9BYF1
593,O14732
594,P01137
595,P35222
596,P32418
597,P56817
598,O14965
599,Q99497
600,Q7L0J3
601,P02788
602,P21462
603,P20594
604,P41250
605,Q9Y275
606,Q16853
607,Q00987
608,P31930
609,Q03181
610,P47929
611,P99999
612,P08311
613,P27824
614,P13945
615,P09038
616,Q13464
617,Q16539
618,O60882
619,P03951
620,P08107
621,Q8NER1
622,P63316
623,P07359
624,P06850
625,P24385
626,P48549
627,P60568
628,P48051
629,P98160
630,P08183
631,P22830
632,Q02817
633,P21980
634,P26951
635,P23946
636,P04629
637,P05412
638,P05107
639,P04275
640,P11168
641,P15502
642,P13500
643,P01584
644,P43005
645,P30793
646,P35557
647,P27361
648,P49841
649,Q4U2R8
650,P04004
651,Q92887
652,P61278
653,Q06124
654,P16581
655,P05164
656,P01112
657,P15144
658,P59768
659,P06493
660,P80188
661,P05362
662,P19838
663,P01374
664,P00750
665,P11413
666,P23297
667,P06870
668,O95573
669,P01138
670,P17302
671,P21589
672,A6NG28
673,P11021
674,P11137
675,P07949
676,P04156
677,P35247
678,P19367
679,P63000
680,P17213
681,P16070
682,P19320
683,P43003
684,P08254
685,Q16873
686,P02649
687,P07900
688,P14210
689,P16870
690,Q08345
691,P01100
692,Q13126
693,P02776
694,Q07837
695,Q14500
696,P17252
697,P27815
698,P19438
699,P00450
700,P53609
701,P22061
702,P16455
703,P48745
704,P16444
705,P49366
706,P48061
707,P07204
708,P29218
709,P07686
710,O14920
711,P05106
712,P98170
713,P32239
714,P16109
715,Q9UNN8
716,P42574
717,O60603
718,P14625
719,O60760
720,P45844
721,P78559
722,P07355
723,Q9NR96
724,P31751
725,P00167
726,P07602
727,P14410
728,P04271
729,P13726
730,P03950
731,P22894
732,P14735
733,P15559
734,Q08257
735,P28161
736,P61586
737,P25815
738,P41594
739,O15530
740,P13569
741,P39900
742,P06744
743,P08100
744,P22455
745,Q99808
746,P80511
747,P05113
748,P68400
749,P24941
750,P02743
751,Q96C86
752,Q13370
753,P31939
754,Q10588
755,Q9P2W7
756,O75874
757,P04183
758,P00568
759,O00204
760,Q08188
761,P68363
762,P11309
763,Q9H4M7
764,P08519
765,Q06187
766,Q08499
767,Q9NP99
768,Q9UN19
769,P10153
770,P43403
771,P48736
772,P43405
773,Q9BWD1
774,Q71U36
775,Q08881
776,P17931
777,P41240
778,Q9NY65
779,P68371
780,P49137
781,P36959
782,Q04759
783,Q9BQE3
784,P68366
785,P30405
786,P04350
787,Q13509
788,P08631
789,Q13748
790,Q16222
791,P17900
792,P36873
793,P01024
794,P49773
795,P20231
796,Q9BZX2
797,P30419
798,Q9UBX1
799,Q00169
800,Q9NPB1
801,P09871
802,P50579
803,P49247
804,P46926
805,P35030
806,Q13426
807,Q92876
808,Q9Y678
809,P55055
810,Q9BY41
811,P23677
812,P49247
813,P06132
814,P51512
815,P14555
816,P25774
817,Q9Y286
818,O43570
819,Q9Y5Y6
820,P04745
821,P09960
822,P04075
823,P17050
824,P49789
825,P00751
826,P30305
827,P51151
828,P09874
829,P07477
830,P11310
831,Q8WVQ1
832,P53355
833,Q96RI1
834,Q9HAN9
835,Q15075
836,P49759
837,Q16775
838,P55210
839,P00746
840,P10114
841,P52732
842,P14174
843,P37173
844,O94766
845,P15289
846,P08238
847,P50613
848,Q92947
849,P13051
850,Q9BW91
851,P32119
852,Q16881
853,Q99250
854,Q9NY46
855,P35499
856,O00408
857,P62508
858,P21964
859,P11511
860,P02675
861,P02679
862,P00736
863,P02745
864,P02746
865,P02747
866,P08637
867,P12318
868,P31994
869,P68133
870,P31785
871,P05452
872,P05787
873,P27797
874,Q07954
875,P05154
876,P14543
877,P13727
878,P32927
879,P34741
880,O14832
881,P07307
882,P49257
883,Q8NI22
884,P01906
885,P06400
886,P16519
887,P29120
888,Q16270
889,Q96C24
890,P05981
891,O14786
892,P02461
893,P11362
894,P22607
895,O95838
896,P07711
897,P23763
898,P63027
899,Q8N9I0
900,Q01362
901,P02458
902,P08123
903,P35237
904,P02735
905,Q96LZ3
906,P35346
907,P48147
908,Q8IVA8
909,Q5JAM2
910,Q5VZ30
911,Q6P996
912,Q6YP21
913,Q8IUZ5
914,Q8IVA8
915,Q96GA7
916,O14939
917,P06276
918,Q13393
919,P09210
920,O00469
921,P19971
922,O60568
923,P27338
924,O75936
925,P21397
926,Q32P28
927,Q6N063
928,P47989
929,P50750
930,Q96KS0
931,Q00534
932,P00813
933,Q9BY66
934,P11802
935,Q9GZT9
936,P48544
937,Q9H6Z9
938,Q9NVH6
939,P49336
940,P22234
941,Q00975
942,P27708
943,Q8N142
944,Q96HD9
945,O95190
946,Q9UMX2
947,P15104
948,Q6IA69
949,O15460
950,P53597
951,Q9BYC2
952,Q9P2R7
953,Q9UBX3
954,O60512
955,Q9UJ70
956,Q9UK23
957,O43424
958,P48664
959,Q07075
960,Q8N159
961,Q9ULA0
962,Q9ULK0
963,O14880
964,P08263
965,P10620
966,P35754
967,Q96SL4
968,Q99735
969,Q9NS18
970,Q16760
971,Q9NXE4
972,P23434
973,Q14032
974,Q6IB77
975,Q9P0Z9
976,Q9Y345
977,Q5JTZ9
978,P23743
979,P62714
980,P67775
981,O43447
982,P23284
983,P45877
984,Q13427
985,O75899
986,P36544
987,Q14832
988,P18505
989,P28472
990,P47870
991,P20618
992,P28074
993,P49721
994,Q08289
995,Q13698
996,O00305
997,O60840
998,P54284
999,Q01668
1000,Q13547
1001,Q92769
1002,O15379
1003,Q9UBN7
1004,P49356
1005,P49354
1006,Q16665
1007,P43115
1008,P41146
1009,P42336
1010,O00459
1011,Q92569
1012,P42345
1013,Q00653
1014,P00441
1015,P09958
1016,O43525
1017,P56696
1018,Q9NR82
1019,P41231
1020,O00329
1021,O60674
1022,Q13093
1023,P07949
1024,Q06609
1025,P27695
1026,Q05655
1027,P49146
1028,P06280
1029,Q8NFA2
1030,Q02880
1031,P17342
1032,P09467
1033,Q9H228
1034,P05177
1035,Q16790
1036,Q15842
1037,O00206
1038,P32320
1039,P31350
1040,P54760
1041,Q16831
1042,P08729
1043,P07237
1044,P21796
1045,P45880
1046,Q9Y277
1047,Q9UNI1
1048,P26196
1049,Q9NWT6
1050,P42768
1051,O14717
1052,Q8WTS6
1053,P53674
1054,Q13363
1055,P08684
1056,P04746
1057,O14936
1058,Q9NQX3
1059,Q99418
1060,Q92831
1061,P23141
1062,P09012
1063,P31949
1064,P53778
1065,Q9BY49
1066,P11712
1067,P27707
1068,P01857
1069,O00244
1070,P54278
1071,Q9BZ11
1072,P02749
1073,Q9BZR6
1074,Q9NNX6
1075,P25311
1076,P08887
1077,P01215
1078,P15529
1079,P42658
1080,Q9NPG2
1081,P80075
1082,Q96CD2
1083,P16152
1084,Q96LB9
1085,Q05397
1086,O43252
1087,P33176
1088,P15531
1089,Q03518
1090,Q12756
1091,O76083
1092,P49763
1093,Q96FI4
1094,Q14541
1095,O43617
1096,P15289
1097,P18509
1098,P12429
1099,P05162
1100,Q9HB21
1101,P07360
1102,P49247
1103,P20941
1104,P18085
1105,O60547
1106,P22392
1107,Q9Y689
1108,P01270
1109,O15169
1110,P07998
1111,P35914
1112,P78368
1113,P30291
1114,P07384
1115,Q13285
1116,Q02763
1117,P04637
1118,O14757
1119,P05067
1120,P33151
1121,Q96GD4
1122,P43235
1123,P05019
1124,P10644
1125,P50052
1126,P40238
1127,P01024
1128,P04234
1129,P09693
1130,P20963
1131,P01303
1132,P01730
1133,P01308
1134,P52333
1135,Q03431
1136,Q07817
1137,P30411
1138,Q96QU6
1139,O14788
1140,Q9NR97
1141,P56524
1142,Q8WUI4
1143,P30874
1144,P32745
1145,P17538
1146,P05108
1147,P25024
1148,Q92753
1149,P18545
1150,Q13956
1151,P52209
1152,P54750
1153,P02585
1154,Q13332
1155,P23469
1156,P38606
1157,P62745
1158,P05556
1159,P06756
1160,P33402
1161,Q9Y2I1
1162,O14649
1163,Q9NPC2
1164,P30926
1165,P32297
1166,P30532
1167,P18507
1168,Q8N1C3
1169,Q99928
1170,P28476
1171,O14764
1172,P00709
1173,P29034
1174,Q9NZV8
1175,Q9UK17
1176,Q16620
1177,Q7LG56
1178,Q07864
1179,P56282
1180,Q9NR33
1181,Q9NRF9
1182,P07098
1183,P11717
1184,P07451
1185,P23280
1186,P35219
1187,Q07699
1188,Q9NY72
1189,Q8IWT1
1190,P09238
1191,P09237
1192,P24347
1193,P50281
1194,P51511
1195,Q9ULZ9
1196,Q99542
1197,O60882
1198,Q9Y5R2
1199,Q9NPA2
1200,Q9NRE1
1201,P23258
1202,Q96RD7
1203,P35869
1204,P11474
1205,Q15788
1206,Q8NEB9
1207,Q9UNA0
1208,P63092
1209,Q08462
1210,O95622
1211,P20248
1212,Q15661
1213,Q13526
1214,Q15596
1215,P48552
1216,P53350
1217,Q16651
1218,Q13362
1219,P30153
1220,P61626
1221,P78536
1222,P31151
1223,Q9UNI1
1224,P17612
1225,P61925
1226,P63208
1227,P23467
1228,P13051
1229,P45984
1230,Q99933
1231,P11142
1232,P61769
1233,O60551
1234,Q13133
1235,P36897
1236,P24666
1237,Q9BVJ7
1238,O43293
1239,Q9UQF2
1240,P45983
1241,P33981
1242,Q13554
1243,P42892
1244,P51955
1245,Q9UGN5
1246,Q9NQS7
1247,P62136
1248,P63151
1249,P84077
1250,Q15078
1251,P40429
1252,P62829
1253,P61313
1254,P62750
1255,Q9UHA3
1256,P62917
1257,P39023
1258,P62913
1259,P55769
1260,P01834
1261,O75460
1262,P25705
1263,P06576
1264,P36542
1265,P60174
1266,P08574
1267,P22695
1268,O14949
1269,P47985
1270,P14927
1271,Q15118
1272,Q9UBT6
1273,Q9UKQ2
1274,O14983
1275,P41743
1276,Q09013
1277,Q7Z406
1278,P04118
1279,P25786
1280,P25787
1281,P25788
1282,P25789
1283,P28066
1284,P60900
1285,O14818
1286,P49720
1287,P28070
1288,P28072
1289,Q99436
1290,P11488
1291,P09466
1292,Q9Y6M4
1293,P09668
1294,P19784
1295,P13073
1296,P20674
1297,P10606
1298,P09669
1299,P04054
1300,Q9H169
1301,Q13627
1302,P41235
1303,Q9Y6Y9
1304,P54317
1305,Q9H2G2
1306,Q16566
1307,P49761
1308,Q9Y6F1
1309,Q9HCD5
1310,Q16644
1311,P63211
1312,P62873
1313,P20941
1314,P01116
1315,Q92696
1316,P53611
1317,P24386
1318,Q9UQM7
1319,Q00536
1320,Q03426
1321,Q15102
1322,P16112
1323,O00141
1324,Q13557
1325,P07737
1326,Q9UHY7
1327,Q15067
1328,Q15375
1329,P14920
1330,P04632
1331,P23458
1332,P29597
1333,A6NG28
1334,P08758
1335,Q969V6
1336,P06396
1337,P60981
1338,Q14494
1339,P23528
1340,O75116
1341,P06731
1342,P35243
1343,Q08209
1344,P62330
1345,P43080
1346,P15151
1347,O15143
1348,P61160
1349,P61158
1350,O15144
1351,O15145
1352,P59998
1353,O15511
1354,Q9HCP0
1355,Q12866
1356,Q15418
1357,O75865
1358,Q9Y296
1359,O14582
1360,P13639
1361,Q16654
1362,P11684
1363,P12883
1364,P35080
1365,P05187
1366,P07948
1367,P78362
1368,Q8IU85
1369,O94768
1370,P30419
1371,Q15120
1372,P09848
1373,P55196
1374,Q9NWZ3
1375,Q15119
1376,P26447
1377,P14550
1378,Q92793
1379,Q15648
1380,Q13555
1381,P80192
1382,Q16558
1383,Q9H2S1
1384,Q10472
1385,O43739
1386,P62312
1387,P32019
1388,P49247
1389,O43612
1390,Q15796
1391,O60678
1392,P15170
1393,Q9Y6I3
1394,P04179
1395,P00558
1396,Q16762
1397,P24855
1398,Q15181
1399,O75390
1400,P13929
1401,P36871
1402,P29508
1403,Q03403
1404,P01920
1405,P11172
1406,P22694
1407,P07108
1408,P54819
1409,Q92930
1410,P22570
1411,Q8IWL2
1412,P11226
1413,P19622
1414,P51149
1415,P04053
1416,P17600
1417,P35749
1418,P51178
1419,P63096
1420,P09382
1421,P20645
1422,P15813
1423,Q9NPH2
1424,P31323
1425,P46976
1426,P30084
1427,P22459
1428,Q99798
1429,P10600
1430,Q9UHQ9
1431,P46459
1432,P07585
1433,P31150
1434,O14594
1435,P20823
1436,P51003
1437,P35241
1438,P26572
1439,Q03393
1440,Q14643
1441,P19835
1442,P78352
1443,P19883
1444,P48735
1445,P68104
1446,P07478
1447,P62837
1448,P20339
1449,P40616
1450,P49411
1451,P49913
1452,P50607
1453,P35398
1454,P52799
1455,Q9NTG7
1456,P29323
1457,P09104
1458,Q9GZU7
1459,P61024
1460,P49368
1461,P61457
1462,P62491
1463,P62826
1464,P11233
1465,Q8NFW8
1466,P05062
1467,P62258
1468,O14874
1469,P55072
1470,P22314
1471,Q86YB8
1472,Q92993
1473,O60493
1474,P55789
1475,O60264
1476,Q92830
1477,Q16613
1478,O15066
1479,P78330
1480,Q9BZZ2
1481,Q01082
1482,Q15382
1483,Q99873
1484,P61587
1485,P36222
1486,O75676
1487,Q53H96
1488,P61221
1489,P40937
1490,P60953
1491,P17050
1492,Q99661
1493,Q96QT4
1494,O14964
1495,Q96KC2
1496,O00187
1497,Q9UL51
1498,Q9UL54
1499,P41091
1500,Q96GD3
1501,P36405
1502,P30041
1503,O15111
1504,Q99835
1505,P02708
1506,P11230
1507,Q07001
1508,P07510
1509,Q04844
1510,P31327
1511,P0C0L4
1512,P0C0L5
